{"cameraMode":{"drawMode":0,"name":"Shaded","section":"Shading Mode"},"sceneLighting":false,"audioPlay":false,"sceneViewState":{"showFog":true,"showMaterialUpdate":false,"showSkybox":true,"showFlares":true,"showImageEffects":true,"showParticleSystems":true},"in2DMode":false,"pivot":{"x":310.8999938964844,"y":41.0,"z":274.29998779296877},"rotation":{"x":0.1558939516544342,"y":-0.8080323338508606,"z":0.24597786366939546,"w":0.5121286511421204},"size":42.86825942993164,"orthographic":false}